file_id	id	entity	offset	note	CUI	sentence	CODE	STR	SAB
0003_d229	T12	soplo cardiaco	47 61	C0018808, Heart murmur, Finding ,DISO	C0018808	Frecuentes: aumento de la frecuencia cardiaca, soplo cardiaco, baja tensión arterial, reducción del suministro sanguíneo al músculo cardiaco.	R01.1	Soplo cardíaco, no especificado	SNOMEDCT2ICD10_SPA
0003_d229	T15	aumento de la frecuencia cardiaca	12 45	C0039231, Tachycardia, Finding ,DISO	C0039231	Frecuentes: aumento de la frecuencia cardiaca, soplo cardiaco, baja tensión arterial, reducción del suministro sanguíneo al músculo cardiaco.	P29.11	Taquicardia neonatal	SNOMEDCT2ICD10_SPA
0003_d229	T16	baja tensión arterial	63 84	C0020649, Hypotension, Finding ,DISO	C0020649	Frecuentes: aumento de la frecuencia cardiaca, soplo cardiaco, baja tensión arterial, reducción del suministro sanguíneo al músculo cardiaco.	I95	Hipotensión	ICD10_WIKI
0007_d348	T5	sobredosis	26 36	C0029944, overdose, Injury or Poisoning ,DISO	C0029944	En el caso de una posible sobredosis, debe ponerse en contacto con su médico inmediatamente.	T36	Envenenamiento, efecto adverso e infradosificación de antibióticos sistémicos	ICD10_WIKI
0008_d42	T13	EM	81 83	C0026769, Multiple Sclerosis, Disease or Syndrome ,DISO	C0026769	El tratamiento con Avonex puede ayudar a evitar que empeore, aunque no curará la EM.	G35	Esclerosis múltiple	ICD10CM_WIKI
0009_d42	T7	hormigueo de la piel	19 39	C0235050, Tingling of skin, Sign or Symptom ,DISO	C0235050	- entumecimiento u hormigueo de la piel	R20.2	Parestesias	SNOMEDCT2ICD10_SPA
0009_d42	T8	entumecimiento de la piel	2 16;29 39	C0522057, Numbness of skin, Sign or Symptom ,DISO	C0522057	- entumecimiento u hormigueo de la piel	R20.0	Anestesia cutánea	SNOMEDCT2ICD10_SPA
0010_d261	T4	embarazada	29 39	C0032961, Pregnancy, Organism Function ,PHYS	C0032961	• está planificando quedarse embarazada.	Z33.1	Estado de embarazo incidental	ICD10CM_SPA
0010_d261	T12	embarazada	29 39	C0549206, Patient currently pregnant, Finding ,DISO	C0549206	• está planificando quedarse embarazada.	Z33.1	Estado de embarazo incidental	SNOMEDCT2ICD10_SPA
0013_d334	T21	visión borrosa	65 79	C0344232, Blurred vision, Sign or Symptom ,DISO	C0344232	Ranexa puede provocar efectos adversos como mareos (frecuente) y visión borrosa (poco frecuente) que pueden afectar a su capacidad para conducir o utilizar máquinas.	H53.8	Otros trastornos visuales	SNOMEDCT2ICD10_SPA
0013_d334	T24	mareos	44 50	C0012833, Dizziness, Sign or Symptom ,DISO	C0012833	Ranexa puede provocar efectos adversos como mareos (frecuente) y visión borrosa (poco frecuente) que pueden afectar a su capacidad para conducir o utilizar máquinas.	R42	Mareo y desvanecimiento	SNOMEDCT2ICD10_SPA
0013_d334	T30	efectos adversos	22 38	C0041755, Adverse reaction to drug, Injury or Poisoning ,DISO	C0041755	Ranexa puede provocar efectos adversos como mareos (frecuente) y visión borrosa (poco frecuente) que pueden afectar a su capacidad para conducir o utilizar máquinas.	T88.7	Efecto adverso no especificado de fármaco o medicamento	ICD10_WIKI
0016_d347	T11	lupus	13 18	C0024131, Lupus Vulgaris, Disease or Syndrome ,DISO	C0024131	Los casos de lupus y pseudolupus, sin embargo, siguen siendo poco frecuentes.	A18.4	Tuberculosis de piel y tejido subcutáneo	SNOMEDCT2ICD10_SPA
0016_d347	T12	lupus	13 18	C0409974, Lupus Erythematosus, Disease or Syndrome ,DISO	C0409974	Los casos de lupus y pseudolupus, sin embargo, siguen siendo poco frecuentes.	L93.0	Lupus eritematoso discoide	ICD10CM_WIKI
0016_d347	T13	lupus	13 18	C0024138, Lupus Erythematosus, Discoid, Disease or Syndrome ,DISO	C0024138	Los casos de lupus y pseudolupus, sin embargo, siguen siendo poco frecuentes.	L93.0	Lupus eritematoso discoide	ICD10_WIKI
0016_d347	T14	lupus	13 18	C0024141, Lupus Erythematosus, Systemic, Disease or Syndrome ,DISO	C0024141	Los casos de lupus y pseudolupus, sin embargo, siguen siendo poco frecuentes.	M32	Lupus eritematoso sistémico (LES)	ICD10CM_WIKI
0018_d347	T12	ancianos	65 73	C0001792, Elderly (population group), Population Group ,LIVB	C0001792	No se ha estudiado la farmacocinética de infliximab en pacientes ancianos.	R54	Debilidad física relacionada con edad	SNOMEDCT2ICD10_SPA
0018_d347	T13	ancianos	65 73	C1999167, Old age, Finding ,DISO	C1999167	No se ha estudiado la farmacocinética de infliximab en pacientes ancianos.	R54	Debilidad física relacionada con edad	SNOMEDCT2ICD10_SPA
0024_d218	T5	fallo renal agudo	70 87	C0022660, Kidney Failure, Acute, Disease or Syndrome ,DISO	C0022660	Se ha observado un incremento en los niveles de creatinina sérica y/o fallo renal agudo.	N17	Fallo renal agudo	ICD10_WIKI
0024_d218	T6	fallo renal agudo	70 87	C1565662, Acute Kidney Insufficiency, Disease or Syndrome ,DISO	C1565662	Se ha observado un incremento en los niveles de creatinina sérica y/o fallo renal agudo.	N28.9	Trastorno del riñón y del uréter, no especificado	SNOMEDCT2ICD10_SPA
0026_d691	T7	deterioro de la función renal	11 40	C1278220, Deteriorating renal function, Laboratory or Test Result ,PHEN	C1278220	En caso de deterioro de la función renal, debe suspenderse el tratamiento con Lisonorm y debe sustituirse por la administración de sus componentes individuales adecuadamente ajustados.	N28.9	Trastorno del riñón y del uréter, no especificado	SNOMEDCT2ICD10_SPA
0027_d691	T6	anemia aplásica	42 57	C0002874, Aplastic Anemia, Disease or Syndrome ,DISO	C0002874	- reducción de la producción de hematíes (anemia aplásica)	D61.9	Anemia aplásica, no especificada	ICD10CM_WIKI
0028_d459	T9	dependencia	53 64	C0439857, Dependence, Mental or Behavioral Dysfunction ,DISO	C0439857	Aunque no existe una evidencia clara de aparición de dependencia en pacientes que reciben oxibato de sodio a dosis terapéuticas no se puede excluir esta posibilidad.	F10.2	Dependencia de alcohol	ICD10_WIKI
0029_d231	T9	sobredosis	11 21	C0029944, overdose, Injury or Poisoning ,DISO	C0029944	En caso de sobredosis, se deberá realizar un seguimiento y tratamiento de la presión intraocular, si el médico lo considera necesario.	T36	Envenenamiento, efecto adverso e infradosificación de antibióticos sistémicos	ICD10_WIKI
0030_d101	T19	enfermedad	71 81	C0221423, Illness (finding), Finding ,DISO	C0221423	Es necesario posponer la administración en pacientes que presenten una enfermedad transitoria que afecte al estómago o al intestino o que tengan fiebre.	B34.9	Infección viral, no especificada	SNOMEDCT2ICD10_SPA
0030_d101	T24	fiebre	145 151	C0015967, Fever, Finding ,DISO	C0015967	Es necesario posponer la administración en pacientes que presenten una enfermedad transitoria que afecte al estómago o al intestino o que tengan fiebre.	P81.9	Alteración de la regulación de la temperatura del recién nacido, no especificada	SNOMEDCT2ICD10_SPA
0031_d61	T19	picor	140 145	C0033774, Pruritus, Sign or Symptom ,DISO	C0033774	Se han comunicado posibles síntomas mediados por la histamina, incluyendo informes de manchas en la piel, hinchazón de la cara y/ o labios, picor, sensación de ardor o problemas al respirar.	L29	Prurito	ICD10_WIKI
0031_d61	T24	problemas al respirar	168 189	C0013404, Dyspnea, Sign or Symptom ,DISO	C0013404	Se han comunicado posibles síntomas mediados por la histamina, incluyendo informes de manchas en la piel, hinchazón de la cara y/ o labios, picor, sensación de ardor o problemas al respirar.	R06.0	Disnea	ICD10_WIKI
0031_d61	T43	hinchazón de labios	106 118;132 138	C0240211, Lip swelling, Sign or Symptom, DISO	C0240211	Se han comunicado posibles síntomas mediados por la histamina, incluyendo informes de manchas en la piel, hinchazón de la cara y/ o labios, picor, sensación de ardor o problemas al respirar.	K13.0	Enfermedades de los labios	SNOMEDCT2ICD10_SPA
0031_d61	T23	hinchazón de la cara	106 126	C0151602, Facial swelling, Finding, DISO	C0151602	Se han comunicado posibles síntomas mediados por la histamina, incluyendo informes de manchas en la piel, hinchazón de la cara y/ o labios, picor, sensación de ardor o problemas al respirar.	R22.0	Tumefacción, masa o bulto localizados en la cabeza	SNOMEDCT2ICD10_SPA
0033_d353	T19	Neumonía	0 8	C0032285, Pneumonia, Disease or Syndrome ,DISO	C0032285	Neumonía*, infección de vías respiratorias bajas, herpes zóster, Herpes simplex, infección de vías urinarias, infección de vías respiratorias altas, sinusitis, candidiasis oral, infección micótica oral	J18.9	Neumonía, microorganismo no especificado	ICD10_WIKI
0033_d353	T20	herpes zóster	50 63	C0019360, Herpes zoster disease, Disease or Syndrome ,DISO	C0019360	Neumonía*, infección de vías respiratorias bajas, herpes zóster, Herpes simplex, infección de vías urinarias, infección de vías respiratorias altas, sinusitis, candidiasis oral, infección micótica oral	B02	Herpes zóster	ICD10CM_WIKI
0033_d353	T21	Herpes simplex	65 79	C0019348, Herpes Simplex Infections, Disease or Syndrome ,DISO	C0019348	Neumonía*, infección de vías respiratorias bajas, herpes zóster, Herpes simplex, infección de vías urinarias, infección de vías respiratorias altas, sinusitis, candidiasis oral, infección micótica oral	B00	Infecciones por herpesvirus [herpes simple]	ICD10CM_WIKI
0033_d353	T22	infección de vías respiratorias altas	110 147	C0041912, Upper Respiratory Infections, Disease or Syndrome ,DISO	C0041912	Neumonía*, infección de vías respiratorias bajas, herpes zóster, Herpes simplex, infección de vías urinarias, infección de vías respiratorias altas, sinusitis, candidiasis oral, infección micótica oral	J06.9	Infección respiratoria aguda del tracto respiratorio superior, no especificada	SNOMEDCT2ICD10_SPA
0033_d353	T23	sinusitis	149 158	C0037199, Sinusitis, Disease or Syndrome ,DISO	C0037199	Neumonía*, infección de vías respiratorias bajas, herpes zóster, Herpes simplex, infección de vías urinarias, infección de vías respiratorias altas, sinusitis, candidiasis oral, infección micótica oral	J01	Sinusitis aguda	ICD10CM_WIKI
0033_d353	T24	candidiasis oral	160 176	C0006849, Oral candidiasis, Disease or Syndrome ,DISO	C0006849	Neumonía*, infección de vías respiratorias bajas, herpes zóster, Herpes simplex, infección de vías urinarias, infección de vías respiratorias altas, sinusitis, candidiasis oral, infección micótica oral	B37.0	Estomatitis candidiásica	ICD10CM_WIKI
0033_d353	T25	infección de vías respiratorias bajas	11 48	C0149725, Lower respiratory tract infection, Disease or Syndrome ,DISO	C0149725	Neumonía*, infección de vías respiratorias bajas, herpes zóster, Herpes simplex, infección de vías urinarias, infección de vías respiratorias altas, sinusitis, candidiasis oral, infección micótica oral	J22	Infección aguda del tracto respiratorio inferior, no especificada	SNOMEDCT2ICD10_SPA
0033_d353	T26	infección de vías urinarias	81 108	C0042029, Urinary tract infection, Disease or Syndrome ,DISO	C0042029	Neumonía*, infección de vías respiratorias bajas, herpes zóster, Herpes simplex, infección de vías urinarias, infección de vías respiratorias altas, sinusitis, candidiasis oral, infección micótica oral	N30.0	Cistitis aguda	ICD10CM_WIKI
0034_d353	T20	análisis de sangre	110 128	C0702196, Blood investigation, Laboratory Procedure ,PROC	C0702196	Su médico puede ajustar la dosis de Revlimid o interrumpir su tratamiento, basándose en los resultados de sus análisis de sangre y de su estado general (ver sección 2, “Tenga especial cuidado con Revlimid”).	Z75.2	Otro tipo de período de espera para investigación y tratamiento	SNOMEDCT2ICD10_SPA
0035_d320	T32	escalofríos	127 138	C0085593, Chills, Sign or Symptom ,DISO	C0085593	Con la inmunoglobulina humana normal para administración intravenosa pueden producirse, en ocasiones, reacciones adversas como escalofríos, cefalea, fiebre, vómitos, reacciones alérgicas, náuseas, artralgia, hipotensión arterial y lumbalgia moderada.	P81.9	Alteración de la regulación de la temperatura del recién nacido, no especificada	SNOMEDCT2ICD10_SPA
0035_d320	T33	cefalea	140 147	C0018681, Headache, Sign or Symptom ,DISO	C0018681	Con la inmunoglobulina humana normal para administración intravenosa pueden producirse, en ocasiones, reacciones adversas como escalofríos, cefalea, fiebre, vómitos, reacciones alérgicas, náuseas, artralgia, hipotensión arterial y lumbalgia moderada.	R51	Cefalea	ICD10_WIKI
0035_d320	T34	fiebre	149 155	C0015967, Fever, Finding ,DISO	C0015967	Con la inmunoglobulina humana normal para administración intravenosa pueden producirse, en ocasiones, reacciones adversas como escalofríos, cefalea, fiebre, vómitos, reacciones alérgicas, náuseas, artralgia, hipotensión arterial y lumbalgia moderada.	P81.9	Alteración de la regulación de la temperatura del recién nacido, no especificada	SNOMEDCT2ICD10_SPA
0035_d320	T35	vómitos	157 164	C0042963, Vomiting, Sign or Symptom ,DISO	C0042963	Con la inmunoglobulina humana normal para administración intravenosa pueden producirse, en ocasiones, reacciones adversas como escalofríos, cefalea, fiebre, vómitos, reacciones alérgicas, náuseas, artralgia, hipotensión arterial y lumbalgia moderada.	R11.10	Vómitos, no especificados	SNOMEDCT2ICD10_SPA
0035_d320	T36	náuseas	188 195	C0027497, Nausea, Sign or Symptom ,DISO	C0027497	Con la inmunoglobulina humana normal para administración intravenosa pueden producirse, en ocasiones, reacciones adversas como escalofríos, cefalea, fiebre, vómitos, reacciones alérgicas, náuseas, artralgia, hipotensión arterial y lumbalgia moderada.	R11.0	Náuseas	SNOMEDCT2ICD10_SPA
0035_d320	T37	artralgia	197 206	C0003862, Arthralgia, Sign or Symptom ,DISO	C0003862	Con la inmunoglobulina humana normal para administración intravenosa pueden producirse, en ocasiones, reacciones adversas como escalofríos, cefalea, fiebre, vómitos, reacciones alérgicas, náuseas, artralgia, hipotensión arterial y lumbalgia moderada.	M25.5	Dolor en articulación	ICD10_WIKI
0035_d320	T38	hipotensión arterial	208 228	C0020649, Hypotension, Finding ,DISO	C0020649	Con la inmunoglobulina humana normal para administración intravenosa pueden producirse, en ocasiones, reacciones adversas como escalofríos, cefalea, fiebre, vómitos, reacciones alérgicas, náuseas, artralgia, hipotensión arterial y lumbalgia moderada.	I95	Hipotensión	ICD10_WIKI
0035_d320	T39	lumbalgia	231 240	C0024031, Low Back Pain, Sign or Symptom ,DISO	C0024031	Con la inmunoglobulina humana normal para administración intravenosa pueden producirse, en ocasiones, reacciones adversas como escalofríos, cefalea, fiebre, vómitos, reacciones alérgicas, náuseas, artralgia, hipotensión arterial y lumbalgia moderada.	M54.5	Dolor en la parte inferior de la espalda	ICD10_WIKI
0035_d320	T42	reacciones alérgicas	166 186	C1527304, Allergic Reaction, Pathologic Function ,DISO	C1527304	Con la inmunoglobulina humana normal para administración intravenosa pueden producirse, en ocasiones, reacciones adversas como escalofríos, cefalea, fiebre, vómitos, reacciones alérgicas, náuseas, artralgia, hipotensión arterial y lumbalgia moderada.	T78.40	Alergia no especificada	ICD10CM_SPA
0035_d320	T16	reacciones alérgicas	166 186	C0020517, Hypersensitivity, Pathologic Function, DISO	C0020517	Con la inmunoglobulina humana normal para administración intravenosa pueden producirse, en ocasiones, reacciones adversas como escalofríos, cefalea, fiebre, vómitos, reacciones alérgicas, náuseas, artralgia, hipotensión arterial y lumbalgia moderada.	T78.40	Alergia no especificada	ICD10CM_SPA
0040_d226	T29	insuficiencia renal	178 197	C1565489, Renal Insufficiency, Disease or Syndrome ,DISO	C1565489	Tal como ocurre con todas las insulinas, es necesario intensificar el control glucémico y ajustar individualmente la dosis de insulina detemir en personas mayores y personas con insuficiencia renal o hepática.	N19	Insuficiencia renal no especificada	ICD10CM_WIKI
0040_d226	T32	personas mayores	146 162	C0001792, Elderly (population group), Population Group ,LIVB	C0001792	Tal como ocurre con todas las insulinas, es necesario intensificar el control glucémico y ajustar individualmente la dosis de insulina detemir en personas mayores y personas con insuficiencia renal o hepática.	R54	Debilidad física relacionada con edad	SNOMEDCT2ICD10_SPA
0040_d226	T33	insuficiencia hepática	178 191;200 208	C1306571, Hepatic Insufficiency, Pathologic Function ,DISO	C1306571	Tal como ocurre con todas las insulinas, es necesario intensificar el control glucémico y ajustar individualmente la dosis de insulina detemir en personas mayores y personas con insuficiencia renal o hepática.	K72.9	Insuficiencia hepática, no especificada	ICD10_WIKI
0040_d226	T56	personas mayores	146 162	C1999167, Old age, Finding ,DISO	C1999167	Tal como ocurre con todas las insulinas, es necesario intensificar el control glucémico y ajustar individualmente la dosis de insulina detemir en personas mayores y personas con insuficiencia renal o hepática.	R54	Debilidad física relacionada con edad	SNOMEDCT2ICD10_SPA
0040_d226	T21	insuficiencia hepática	178 191;200 208	C0085605, Liver Failure, Disease or Syndrome, DISO	C0085605	Tal como ocurre con todas las insulinas, es necesario intensificar el control glucémico y ajustar individualmente la dosis de insulina detemir en personas mayores y personas con insuficiencia renal o hepática.	K72.9	Insuficiencia hepática, no especificada	ICD10_WIKI
0040_d226	T58	insuficiencia renal	178 197	C0035078, Kidney Failure, Disease or Syndrome, DISO	C0035078	Tal como ocurre con todas las insulinas, es necesario intensificar el control glucémico y ajustar individualmente la dosis de insulina detemir en personas mayores y personas con insuficiencia renal o hepática.	N19	Insuficiencia renal no especificada	ICD10CM_WIKI
0046_d110	T22	arterias coronarias obstruidas	84 103;135 145	C0242231, Coronary Stenosis, Disease or Syndrome ,DISO	C0242231	La intervención coronaria percutánea es una operación realizada para desatascar las arterias coronarias (vasos sanguíneos del corazón) obstruidas.	I25.10	Enfermedad cardiaca aterosclerótica de arteria coronaria nativa sin angina de pecho	SNOMEDCT2ICD10_SPA
0048_d346	T11	hipotensión ortostática	75 98	C0020651, Hypotension, Orthostatic, Finding ,DISO	C0020651	En un ensayo clínico realizado en voluntarios sanos se observaron casos de hipotensión ortostática asociada con una dosis de 0,64 mg/ kg administrada como bolo intravenoso.	G90.3	Degeneración multisistémica del sistema nervioso autónomo	ICD10CM_WIKI
0053_d393	T27	cáncer	54 60	C0006826, Malignant Neoplasms, Neoplastic Process ,DISO	C0006826	La adición de TAXOTERE a otros tratamientos contra el cáncer produjo aumentos significativos de la tasa de respuesta, del tiempo hasta la progresión de la enfermedad o del tiempo de supervivencia en cinco tipos de cánceres (cáncer de mama, cáncer de pulmón no microcítico, cáncer de próstata, adenocarcinoma gástrico y cáncer de cabeza y cuello).	C80.1	Neoplasia maligna (primaria), no especificada	ICD10CM_WIKI
0053_d393	T28	cáncer	54 60	C1306459, Primary malignant neoplasm, Finding ,DISO	C1306459	La adición de TAXOTERE a otros tratamientos contra el cáncer produjo aumentos significativos de la tasa de respuesta, del tiempo hasta la progresión de la enfermedad o del tiempo de supervivencia en cinco tipos de cánceres (cáncer de mama, cáncer de pulmón no microcítico, cáncer de próstata, adenocarcinoma gástrico y cáncer de cabeza y cuello).	C80.1	Neoplasia maligna (primaria), no especificada	SNOMEDCT2ICD10_SPA
0053_d393	T31	cáncer de mama	224 238	C0006142, Malignant neoplasm of breast, Neoplastic Process ,DISO	C0006142	La adición de TAXOTERE a otros tratamientos contra el cáncer produjo aumentos significativos de la tasa de respuesta, del tiempo hasta la progresión de la enfermedad o del tiempo de supervivencia en cinco tipos de cánceres (cáncer de mama, cáncer de pulmón no microcítico, cáncer de próstata, adenocarcinoma gástrico y cáncer de cabeza y cuello).	C50.919	Neoplasia maligna de localización no especificada de mama femenina, lado no especificado	SNOMEDCT2ICD10_SPA
0053_d393	T32	cáncer de mama	224 238	C0678222, Breast Carcinoma, Neoplastic Process ,DISO	C0678222	La adición de TAXOTERE a otros tratamientos contra el cáncer produjo aumentos significativos de la tasa de respuesta, del tiempo hasta la progresión de la enfermedad o del tiempo de supervivencia en cinco tipos de cánceres (cáncer de mama, cáncer de pulmón no microcítico, cáncer de próstata, adenocarcinoma gástrico y cáncer de cabeza y cuello).	C50.919	Neoplasia maligna de localización no especificada de mama femenina, lado no especificado	SNOMEDCT2ICD10_SPA
0053_d393	T33	cáncer de próstata	273 291	C0376358, Malignant neoplasm of prostate, Neoplastic Process ,DISO	C0376358	La adición de TAXOTERE a otros tratamientos contra el cáncer produjo aumentos significativos de la tasa de respuesta, del tiempo hasta la progresión de la enfermedad o del tiempo de supervivencia en cinco tipos de cánceres (cáncer de mama, cáncer de pulmón no microcítico, cáncer de próstata, adenocarcinoma gástrico y cáncer de cabeza y cuello).	C61	Neoplasia maligna de próstata	ICD10CM_WIKI
0053_d393	T34	adenocarcinoma gástrico	293 316	C0278701, Gastric Adenocarcinoma, Neoplastic Process ,DISO	C0278701	La adición de TAXOTERE a otros tratamientos contra el cáncer produjo aumentos significativos de la tasa de respuesta, del tiempo hasta la progresión de la enfermedad o del tiempo de supervivencia en cinco tipos de cánceres (cáncer de mama, cáncer de pulmón no microcítico, cáncer de próstata, adenocarcinoma gástrico y cáncer de cabeza y cuello).	C16.9	Neoplasia maligna de estómago, no especificada	SNOMEDCT2ICD10_SPA
0053_d393	T35	cáncer de cabeza y cuello)	319 345	C0278996, Cancer of Head and Neck, Neoplastic Process ,DISO	C0278996	La adición de TAXOTERE a otros tratamientos contra el cáncer produjo aumentos significativos de la tasa de respuesta, del tiempo hasta la progresión de la enfermedad o del tiempo de supervivencia en cinco tipos de cánceres (cáncer de mama, cáncer de pulmón no microcítico, cáncer de próstata, adenocarcinoma gástrico y cáncer de cabeza y cuello).	C76.0	Neoplasia maligna de cabeza, cara y cuello	SNOMEDCT2ICD10_SPA
0053_d393	T36	cáncer de próstata	273 291	C0600139, Prostate carcinoma, Neoplastic Process ,DISO	C0600139	La adición de TAXOTERE a otros tratamientos contra el cáncer produjo aumentos significativos de la tasa de respuesta, del tiempo hasta la progresión de la enfermedad o del tiempo de supervivencia en cinco tipos de cánceres (cáncer de mama, cáncer de pulmón no microcítico, cáncer de próstata, adenocarcinoma gástrico y cáncer de cabeza y cuello).	C61	Neoplasia maligna de próstata	SNOMEDCT2ICD10_SPA
0053_d393	T37	cáncer de pulmón no microcítico	240 271	C0007131, Non-Small Cell Lung Carcinoma, Neoplastic Process ,DISO	C0007131	La adición de TAXOTERE a otros tratamientos contra el cáncer produjo aumentos significativos de la tasa de respuesta, del tiempo hasta la progresión de la enfermedad o del tiempo de supervivencia en cinco tipos de cánceres (cáncer de mama, cáncer de pulmón no microcítico, cáncer de próstata, adenocarcinoma gástrico y cáncer de cabeza y cuello).	C34	Neoplasia maligna de bronquio y pulmón	ICD10CM_WIKI
0055_d213	T10	insuficiencia renal	53 72	C1565489, Renal Insufficiency, Disease or Syndrome ,DISO	C1565489	3 Ajuste de la dosificación en pacientes adultos con insuficiencia renal	N19	Insuficiencia renal no especificada	ICD10CM_WIKI
0058_d16	T20	incapaces de tragar	29 48	C0221470, Aphagia, Finding ,DISO	C0221470	Pacientes a partir de 4 años incapaces de tragar las cápsulas de Agenerase: la dosis recomendada de la solución oral de Agenerase es de 17 mg (1,1 ml)/ kg tres veces al día, en combinación con otros antirretrovirales, sin exceder una dosis total diaria de 2800 mg.	R13.0	Afagia	ICD10CM_SPA
0074_d219	T18	se reduce el número de glóbulos rojos	3 40	C0302085, Decreased erythrocyte production, Pathologic Function ,DISO	C0302085	Si se reduce el número de glóbulos rojos usted puede presentar síntomas de cansancio o dificultad respiratoria.	R71.8	Otras anomalías de los hematíes	SNOMEDCT2ICD10_SPA
0074_d219	T4	dificultad respiratoria	87 110	C0013404, Dyspnea, Sign or Symptom ,DISO	C0013404	Si se reduce el número de glóbulos rojos usted puede presentar síntomas de cansancio o dificultad respiratoria.	R06.0	Disnea	ICD10_WIKI
0074_d219	T7	cansancio	75 84	C0015672, Fatigue, Sign or Symptom ,DISO	C0015672	Si se reduce el número de glóbulos rojos usted puede presentar síntomas de cansancio o dificultad respiratoria.	R54	Debilidad física relacionada con edad	SNOMEDCT2ICD10_SPA
0076_d321	T39	fiebre	41 47	C0015967, Fever, Finding ,DISO	C0015967	Otros efectos secundarios frecuentes son fiebre, anorexia (pérdida del apetito), vómitos, diarrea, irritabilidad, somnolencia (sueño), llanto (incluido un llanto de tono muy alto poco habitual y el llanto prolongado) y otitis media (infección del oído medio).	P81.9	Alteración de la regulación de la temperatura del recién nacido, no especificada	SNOMEDCT2ICD10_SPA
0076_d321	T40	anorexia	49 57	C0003123, Anorexia, Disease or Syndrome ,DISO	C0003123	Otros efectos secundarios frecuentes son fiebre, anorexia (pérdida del apetito), vómitos, diarrea, irritabilidad, somnolencia (sueño), llanto (incluido un llanto de tono muy alto poco habitual y el llanto prolongado) y otitis media (infección del oído medio).	R63.0	Anorexia	ICD10_WIKI
0076_d321	T41	pérdida del apetito	59 78	C1971624, Loss of appetite (finding), Finding|Disease or Syndrome ,DISO	C1971624	Otros efectos secundarios frecuentes son fiebre, anorexia (pérdida del apetito), vómitos, diarrea, irritabilidad, somnolencia (sueño), llanto (incluido un llanto de tono muy alto poco habitual y el llanto prolongado) y otitis media (infección del oído medio).	R63.0	Anorexia	SNOMEDCT2ICD10_SPA
0076_d321	T42	vómitos	81 88	C0042963, Vomiting, Sign or Symptom ,DISO	C0042963	Otros efectos secundarios frecuentes son fiebre, anorexia (pérdida del apetito), vómitos, diarrea, irritabilidad, somnolencia (sueño), llanto (incluido un llanto de tono muy alto poco habitual y el llanto prolongado) y otitis media (infección del oído medio).	R11.10	Vómitos, no especificados	SNOMEDCT2ICD10_SPA
0076_d321	T43	diarrea	90 97	C0011991, Diarrhea, Sign or Symptom ,DISO	C0011991	Otros efectos secundarios frecuentes son fiebre, anorexia (pérdida del apetito), vómitos, diarrea, irritabilidad, somnolencia (sueño), llanto (incluido un llanto de tono muy alto poco habitual y el llanto prolongado) y otitis media (infección del oído medio).	R11.10	Vómitos, no especificados	SNOMEDCT2ICD10_SPA
0076_d321	T44	irritabilidad	99 112	C0022107, Irritable Mood, Finding ,DISO	C0022107	Otros efectos secundarios frecuentes son fiebre, anorexia (pérdida del apetito), vómitos, diarrea, irritabilidad, somnolencia (sueño), llanto (incluido un llanto de tono muy alto poco habitual y el llanto prolongado) y otitis media (infección del oído medio).	R68.12	Bebé irritable	SNOMEDCT2ICD10_SPA
0076_d321	T45	somnolencia	114 125	C2830004, Somnolence, Finding ,DISO	C2830004	Otros efectos secundarios frecuentes son fiebre, anorexia (pérdida del apetito), vómitos, diarrea, irritabilidad, somnolencia (sueño), llanto (incluido un llanto de tono muy alto poco habitual y el llanto prolongado) y otitis media (infección del oído medio).	R40.0	Somnolencia	ICD10_WIKI
0076_d321	T46	somnolencia	114 125	C0013144, Drowsiness, Finding ,DISO	C0013144	Otros efectos secundarios frecuentes son fiebre, anorexia (pérdida del apetito), vómitos, diarrea, irritabilidad, somnolencia (sueño), llanto (incluido un llanto de tono muy alto poco habitual y el llanto prolongado) y otitis media (infección del oído medio).	R40.0	Somnolencia	ICD10_WIKI
0076_d321	T48	llanto	135 141	C0424109, Weepiness, Finding ,DISO	C0424109	Otros efectos secundarios frecuentes son fiebre, anorexia (pérdida del apetito), vómitos, diarrea, irritabilidad, somnolencia (sueño), llanto (incluido un llanto de tono muy alto poco habitual y el llanto prolongado) y otitis media (infección del oído medio).	R45.89	Otros síntomas y signos que afectan al estado emocional	SNOMEDCT2ICD10_SPA
0076_d321	T49	llanto	198 204	C0424109, Weepiness, Finding ,DISO	C0424109	Otros efectos secundarios frecuentes son fiebre, anorexia (pérdida del apetito), vómitos, diarrea, irritabilidad, somnolencia (sueño), llanto (incluido un llanto de tono muy alto poco habitual y el llanto prolongado) y otitis media (infección del oído medio).	R45.89	Otros síntomas y signos que afectan al estado emocional	SNOMEDCT2ICD10_SPA
0076_d321	T50	otitis media	219 231	C0029882, Otitis Media, Disease or Syndrome ,DISO	C0029882	Otros efectos secundarios frecuentes son fiebre, anorexia (pérdida del apetito), vómitos, diarrea, irritabilidad, somnolencia (sueño), llanto (incluido un llanto de tono muy alto poco habitual y el llanto prolongado) y otitis media (infección del oído medio).	H66.9	Otitis media, no especificada	ICD10CM_WIKI
0076_d321	T53	llanto de tono muy alto	155 178	C0239154, High pitched cry, Finding ,DISO	C0239154	Otros efectos secundarios frecuentes son fiebre, anorexia (pérdida del apetito), vómitos, diarrea, irritabilidad, somnolencia (sueño), llanto (incluido un llanto de tono muy alto poco habitual y el llanto prolongado) y otitis media (infección del oído medio).	Q93.4	Deleción del brazo corto del cromosoma 5	SNOMEDCT2ICD10_SPA
0076_d321	T54	pérdida del apetito	59 78	C0426579, Anorexia symptom, Sign or Symptom ,DISO	C0426579	Otros efectos secundarios frecuentes son fiebre, anorexia (pérdida del apetito), vómitos, diarrea, irritabilidad, somnolencia (sueño), llanto (incluido un llanto de tono muy alto poco habitual y el llanto prolongado) y otitis media (infección del oído medio).	R63.0	Anorexia	SNOMEDCT2ICD10_SPA
0076_d321	T56	infección del oído medio	233 257	C0029882, Otitis Media, Disease or Syndrome ,DISO	C0029882	Otros efectos secundarios frecuentes son fiebre, anorexia (pérdida del apetito), vómitos, diarrea, irritabilidad, somnolencia (sueño), llanto (incluido un llanto de tono muy alto poco habitual y el llanto prolongado) y otitis media (infección del oído medio).	H66.9	Otitis media, no especificada	ICD10CM_WIKI
0076_d321	T97	efectos secundarios	6 25	C0041755, Adverse reaction to drug, Injury or Poisoning ,DISO	C0041755	Otros efectos secundarios frecuentes son fiebre, anorexia (pérdida del apetito), vómitos, diarrea, irritabilidad, somnolencia (sueño), llanto (incluido un llanto de tono muy alto poco habitual y el llanto prolongado) y otitis media (infección del oído medio).	T88.7	Efecto adverso no especificado de fármaco o medicamento	ICD10_WIKI
0077_d157	T33	Reacciones adversas	0 19	C0041755, Adverse reaction to drug, Injury or Poisoning, DISO	C0041755	Reacciones adversas Se detallan a continuación las reacciones adversas notificadas, excepto los casos aislados, por órganos y sistemas y por frecuencia.	T88.7	Efecto adverso no especificado de fármaco o medicamento	ICD10_WIKI
0077_d157	T34	reacciones adversas	51 70	C0041755, Adverse reaction to drug, Injury or Poisoning, DISO	C0041755	Reacciones adversas Se detallan a continuación las reacciones adversas notificadas, excepto los casos aislados, por órganos y sistemas y por frecuencia.	T88.7	Efecto adverso no especificado de fármaco o medicamento	ICD10_WIKI
0083_d404	T25	cáncer de tiroides	17 35	C0007115, Malignant neoplasm of thyroid, Neoplastic Process ,DISO	C0007115	En pacientes con cáncer de tiroides, se han notificado varios casos de estimulación del crecimiento tumoral durante la retirada del tratamiento con hormona tiroidea para procedimientos diagnósticos, que se han atribuido a la elevación prolongada de los niveles de la hormona estimulante del tiroides (TSH).	C73	Neoplasia maligna de glándula tiroides	ICD10CM_WIKI
0083_d404	T31	tumoral	100 107	C0027651, Neoplasms, Neoplastic Process ,DISO	C0027651	En pacientes con cáncer de tiroides, se han notificado varios casos de estimulación del crecimiento tumoral durante la retirada del tratamiento con hormona tiroidea para procedimientos diagnósticos, que se han atribuido a la elevación prolongada de los niveles de la hormona estimulante del tiroides (TSH).	C00	Neoplasia maligna de labio	ICD10_WIKI
0083_d404	T5	elevación de los niveles de la hormona estimulante del tiroides	225 234;246 299	C0586553, Raised TSH level, Finding ,DISO	C0586553	En pacientes con cáncer de tiroides, se han notificado varios casos de estimulación del crecimiento tumoral durante la retirada del tratamiento con hormona tiroidea para procedimientos diagnósticos, que se han atribuido a la elevación prolongada de los niveles de la hormona estimulante del tiroides (TSH).	R79.89	Otros hallazgos anormales especificados en la bioquímica sanguínea	SNOMEDCT2ICD10_SPA
0084_d144	T21	esterilidad	66 77	C0021359, Infertility, Disease or Syndrome ,DISO	C0021359	Estudios de reproducción en animales muestran que degarelix causa esterilidad en los animales macho.	N46	Infertilidad masculina	ICD10_WIKI
0085_d31	T10	enfermedad autoinmune	64 85	C0004364, Autoimmune Diseases, Disease or Syndrome ,DISO	C0004364	Los mejores efectos protectores de la leflunomida en modelos de enfermedad autoinmune en animales se obtienen si se administra en las fases iniciales de la evolución (progresión) de la enfermedad.	D84.9	Inmunodeficiencia, no especificada	ICD10_WIKI
0087_d286	T10	efectos adversos	15 31	C0041755, Adverse reaction to drug, Injury or Poisoning ,DISO	C0041755	Los siguientes efectos adversos se han observado durante los ensayos clínicos:	T88.7	Efecto adverso no especificado de fármaco o medicamento	ICD10_WIKI
0088_d415	T20	efectos adversos	139 155	C0041755, Adverse reaction to drug, Injury or Poisoning ,DISO	C0041755	Sin embargo, antes de considerar la posibilidad de conducir o utilizar máquinas, debiera tener en cuenta su estado de salud y los posibles efectos adversos de Trizivir.	T88.7	Efecto adverso no especificado de fármaco o medicamento	ICD10_WIKI
0090_d202	T16	embarazada	8 18	C0549206, Patient currently pregnant, Finding ,DISO	C0549206	Si está embarazada o cree que puede estarlo, debe avisar a su médico o farmacéutico antes de tomar Iscover.	Z33.1	Estado de embarazo incidental	SNOMEDCT2ICD10_SPA
0090_d202	T36	embarazada	8 18	C0032961, Pregnancy, Organism Function ,PHYS	C0032961	Si está embarazada o cree que puede estarlo, debe avisar a su médico o farmacéutico antes de tomar Iscover.	Z33.1	Estado de embarazo incidental	ICD10CM_SPA
0092_d243	T5	interrumpirse el tratamiento	180 208	C0558681, Drug therapy discontinued, Finding ,DISO	C0558681	Si los niveles de PTH disminuyen por debajo del intervalo recomendado en pacientes tratados con Mimpara, debe reducirse la dosis de Mimpara, de análogos de vitamina D o de ambos o interrumpirse el tratamiento.	Z92.29	Historia personal de otro tratamiento con fármacos	SNOMEDCT2ICD10_SPA
0093_d150	T27	fracturas de huesos	4 23	C0016658, Fracture, Injury or Poisoning ,DISO	C0016658	Las fracturas de huesos generalmente se producen en la cadera, columna vertebral o en la muñeca, y pueden producir no sólo dolor sino también problemas considerables como postura encorvada (joroba de viuda) y pérdida de movilidad.	T14.2		ICD10_WIKI
0093_d150	T33	dolor	123 128	C0030193, Pain, Sign or Symptom ,DISO	C0030193	Las fracturas de huesos generalmente se producen en la cadera, columna vertebral o en la muñeca, y pueden producir no sólo dolor sino también problemas considerables como postura encorvada (joroba de viuda) y pérdida de movilidad.	R52.9		ICD10_WIKI
0093_d150	T37	joroba de viuda	190 205	C1532642, Dowager's hump, Finding ,DISO	C1532642	Las fracturas de huesos generalmente se producen en la cadera, columna vertebral o en la muñeca, y pueden producir no sólo dolor sino también problemas considerables como postura encorvada (joroba de viuda) y pérdida de movilidad.	M40.209	Cifosis no especificada, localización no especificada	SNOMEDCT2ICD10_SPA
0093_d150	T39	postura encorvada	171 188	C0231478, Stooped-over position, Organism Attribute ,PHYS	C0231478	Las fracturas de huesos generalmente se producen en la cadera, columna vertebral o en la muñeca, y pueden producir no sólo dolor sino también problemas considerables como postura encorvada (joroba de viuda) y pérdida de movilidad.	R29.3	Postura anómala	SNOMEDCT2ICD10_SPA
0098_d96	T16	cáncer	54 60	C0006826, Malignant Neoplasms, Neoplastic Process ,DISO	C0006826	Un médico cualificado y experto en el tratamiento del cáncer inyectará DepoCyte en el líquido cefalorraquídeo o en el saco medular.	C80.1	Neoplasia maligna (primaria), no especificada	ICD10CM_WIKI
0098_d96	T17	cáncer	54 60	C1306459, Primary malignant neoplasm, Finding ,DISO	C1306459	Un médico cualificado y experto en el tratamiento del cáncer inyectará DepoCyte en el líquido cefalorraquídeo o en el saco medular.	C80.1	Neoplasia maligna (primaria), no especificada	SNOMEDCT2ICD10_SPA
0100_d413	T8	APL	63 66	C0023487, Acute Promyelocytic Leukemia, Neoplastic Process ,DISO	C0023487	No hay experiencia del efecto de TRISENOX sobre la variante de APL que contiene las traslocaciones cromosómicas t(11; 17) y t(5; 17).	C92.4	Leucemia promielocítica aguda	ICD10CM_WIKI
0600_d238	T11	LMP	38 41	C0023524, Leukoencephalopathy, Progressive Multifocal, Disease or Syndrome ,DISO	C0023524	Se desconoce si la deteción precoz de LMP y la suspensión del tratamiento con MabThera pueden llevar a una estabilización similar o a una mejoría del desenlace clínico.	A81.2	Leucoencefalopatía multifocal progresiva	ICD10CM_WIKI
0602_d306	T22	insuficiencia renal	43 62	C1565489, Renal Insufficiency, Disease or Syndrome ,DISO	C1565489	Dado que no se observó ningún efecto de la insuficiencia renal grave sobre la farmacocinética de laropiprant, no cabe esperar que se produzca un efecto en los pacientes con insuficiencia renal leve o moderada; sin embargo, no se puede deducir de este estudio cuáles son los efectos de la insuficiencia renal en fase terminal y de la diálisis sobre la farmacocinética de laropiprant.	N19	Insuficiencia renal no especificada	ICD10CM_WIKI
0602_d306	T23	insuficiencia renal	173 192	C1565489, Renal Insufficiency, Disease or Syndrome ,DISO	C1565489	Dado que no se observó ningún efecto de la insuficiencia renal grave sobre la farmacocinética de laropiprant, no cabe esperar que se produzca un efecto en los pacientes con insuficiencia renal leve o moderada; sin embargo, no se puede deducir de este estudio cuáles son los efectos de la insuficiencia renal en fase terminal y de la diálisis sobre la farmacocinética de laropiprant.	N19	Insuficiencia renal no especificada	ICD10CM_WIKI
0602_d306	T32	insuficiencia renal en fase terminal	288 324	C0022661, Kidney Failure, Chronic, Disease or Syndrome ,DISO	C0022661	Dado que no se observó ningún efecto de la insuficiencia renal grave sobre la farmacocinética de laropiprant, no cabe esperar que se produzca un efecto en los pacientes con insuficiencia renal leve o moderada; sin embargo, no se puede deducir de este estudio cuáles son los efectos de la insuficiencia renal en fase terminal y de la diálisis sobre la farmacocinética de laropiprant.	N19	Insuficiencia renal no especificada	SNOMEDCT2ICD10_SPA
0604_d93	T11	efectos adversos	57 73	C0041755, Adverse reaction to drug, Injury or Poisoning ,DISO	C0041755	Al igual que todos los medicamentos, DaTSCAN puede tener efectos adversos, aunque no todas las personas los sufran.	T88.7	Efecto adverso no especificado de fármaco o medicamento	ICD10_WIKI
0605_d164	T12	sangrado intracraneal	33 54	C0151699, Intracranial Hemorrhages, Pathologic Function ,DISO	C0151699	Sangrados con riesgo vital, como sangrado intracraneal, de garganta, sangrado gastrointestinal grave Cirugía	S06	Traumatismo intracraneal	ICD10_WIKI
0605_d164	T13	sangrado gastrointestinal	69 94	C0017181, Gastrointestinal Hemorrhage, Pathologic Function ,DISO	C0017181	Sangrados con riesgo vital, como sangrado intracraneal, de garganta, sangrado gastrointestinal grave Cirugía	k92.2		ICD10_WIKI
0605_d164	T15	Sangrados	0 9	C0019080, Hemorrhage, Pathologic Function ,DISO	C0019080	Sangrados con riesgo vital, como sangrado intracraneal, de garganta, sangrado gastrointestinal grave Cirugía	R58	Hemorragia, no clasificada bajo otro concepto	ICD10_WIKI
0605_d164	T16	sangrado de garganta	33 41;56 67	C0576995, Bleeding of pharynx, Finding ,DISO	C0576995	Sangrados con riesgo vital, como sangrado intracraneal, de garganta, sangrado gastrointestinal grave Cirugía	R58	Hemorragia, no clasificada bajo otro concepto	SNOMEDCT2ICD10_SPA
0606_d256	T32	hipersensibles	37 51	C0020517, Hypersensitivity, Pathologic Function ,DISO	C0020517	Naglazyme no debe usarse en personas hipersensibles (alérgicas) a la galsulfasa o a cualquiera de los demás componentes del medicamento.	T78.40	Alergia no especificada	ICD10CM_SPA
0606_d256	T33	alérgicas	53 62	C0020517, Hypersensitivity, Pathologic Function ,DISO	C0020517	Naglazyme no debe usarse en personas hipersensibles (alérgicas) a la galsulfasa o a cualquiera de los demás componentes del medicamento.	T78.40	Alergia no especificada	ICD10CM_SPA
0606_d256	T34	hipersensibles	37 51	C0013182, Drug Allergy, Disease or Syndrome ,DISO	C0013182	Naglazyme no debe usarse en personas hipersensibles (alérgicas) a la galsulfasa o a cualquiera de los demás componentes del medicamento.	T88.7	Efecto adverso no especificado de fármaco o medicamento	ICD10_WIKI
0606_d256	T35	alérgicas	53 62	C0013182, Drug Allergy, Disease or Syndrome ,DISO	C0013182	Naglazyme no debe usarse en personas hipersensibles (alérgicas) a la galsulfasa o a cualquiera de los demás componentes del medicamento.	T88.7	Efecto adverso no especificado de fármaco o medicamento	ICD10_WIKI
0201_d1967049	T1	Infecciones respiratorias agudas	0 32	C0339901, Acute respiratory infections, Disease or Syndrome ,DISO	C0339901	Infecciones respiratorias agudas bajas virales.	J22	Infección aguda del tracto respiratorio inferior, no especificada	SNOMEDCT2ICD10_SPA
0201_d1967049	T2	Infecciones respiratorias virales	0 25;39 46	C0729531, Viral respiratory infection, Disease or Syndrome ,DISO	C0729531	Infecciones respiratorias agudas bajas virales.	J06.9	Infección respiratoria aguda del tracto respiratorio superior, no especificada	SNOMEDCT2ICD10_SPA
0203_d2278738	T1	Fístula anal	0 12	C0205929, Anal Fistula, Acquired Abnormality ,DISO	C0205929	Fístula anal. Tratamiento y resultados.	K60.3	Fístula anal	ICD10CM_WIKI
0203_d2278738	T3	Fístula anal	0 12	C0149889, Anorectal fistula, Pathologic Function ,DISO	C0149889	Fístula anal. Tratamiento y resultados.	K60.3	Fístula anal	ICD10CM_WIKI
0204_d15612520	T1	ataxia espinocerebelar tipo 6	31 60	C0752124, Spinocerebellar Ataxia Type 6 (disorder), Disease or Syndrome ,DISO	C0752124	Fisiopatología molecular de la ataxia espinocerebelar tipo 6 (SCA6).	G11.2	Ataxia cerebelosa de comienzo tardío	ICD10_WIKI
0204_d15612520	T2	SCA6	62 66	C0752124, Spinocerebellar Ataxia Type 6 (disorder), Disease or Syndrome ,DISO	C0752124	Fisiopatología molecular de la ataxia espinocerebelar tipo 6 (SCA6).	G11.2	Ataxia cerebelosa de comienzo tardío	ICD10_WIKI
0206_d4660995	T4	toxicomania	30 41	C0038580, Substance Dependence, Mental or Behavioral Dysfunction ,DISO	C0038580	Contribución al estudio de la toxicomania por cannabis.	F19.20	Dependencia de otra sustancia psicoactiva, sin complicaciones	SNOMEDCT2ICD10_SPA
0206_d4660995	T5	toxicomania	30 41	C1510472, Drug Dependence, Mental or Behavioral Dysfunction ,DISO	C1510472	Contribución al estudio de la toxicomania por cannabis.	F19.20	Dependencia de otra sustancia psicoactiva, sin complicaciones	SNOMEDCT2ICD10_SPA
0208_d12887862	T1	cáncer de colon	55 70	C0007102, Malignant tumor of colon, Neoplastic Process ,DISO	C0007102	Significación pronóstica del componente mucinoso en el cáncer de colon sin metastatización ganglionar, A, B1 y B2.	C18.9	Neoplasia maligna de colon, no especificada	ICD10CM_WIKI
0208_d12887862	T2	metastatización ganglionar	75 101	C0686619, Secondary malignant neoplasm of lymph node, Neoplastic Process ,DISO	C0686619	Significación pronóstica del componente mucinoso en el cáncer de colon sin metastatización ganglionar, A, B1 y B2.	C77	Neoplasia maligna secundaria y no especificada de ganglios linfáticos	ICD10_WIKI
0208_d12887862	T3	cáncer de colon	55 70	C0346629, Malignant neoplasm of large intestine, Neoplastic Process ,DISO	C0346629	Significación pronóstica del componente mucinoso en el cáncer de colon sin metastatización ganglionar, A, B1 y B2.	C18.9	Neoplasia maligna de colon, no especificada	ICD10CM_WIKI
0208_d12887862	T4	cáncer de colon	55 70	C0699790, Colon Carcinoma, Neoplastic Process ,DISO	C0699790	Significación pronóstica del componente mucinoso en el cáncer de colon sin metastatización ganglionar, A, B1 y B2.	C18.9	Neoplasia maligna de colon, no especificada	SNOMEDCT2ICD10_SPA
0210_d19174097	T3	Granuloma a cuerpo extraño	0 26	C0018193, Granuloma, Foreign-Body, Pathologic Function ,DISO	C0018193	Granuloma a cuerpo extraño, simulando una enfermedad maligna del tracto biliar.	L92.3	Granuloma por cuerpo extraño en la piel y tejido subcutáneo	ICD10_WIKI
0211_d14502942	T2	Staphylococcus aureus meticilin resistente	0 42	C0343401, MRSA - Methicillin resistant Staphylococcus aureus infection, Disease or Syndrome ,DISO	C0343401	Staphylococcus aureus meticilin resistente: un serio peligro para el paciente.	J15.212	Neumonía debida a Staphylococcus aureus resistente a meticilina	SNOMEDCT2ICD10_SPA
0212_d2518961	T1	Diarrea crónica	0 15	C0401151, Chronic diarrhea, Pathologic Function ,DISO	C0401151	"Diarrea crónica ""naturalmente"" identificable en la anamnesis."	K52.9	Gastroenteritis y colitis no infecciosas, no especificadas	SNOMEDCT2ICD10_SPA
0213_d4408652	T3	hepatitis crónicas	57 75	C0019189, Hepatitis, Chronic, Disease or Syndrome ,DISO	C0019189	El comportamiento de las glicoproteínas del suero en las hepatitis crónicas	K73.9	Hepatitis crónica, no especificada	ICD10CM_WIKI
0216_d4235284	T1	suicidio	3 11	C0038661, Suicide, Finding ,DISO	C0038661	El suicidio en Santiago de Chile.	X60		ICD10_WIKI
0219_d6554001	T1	Meningitis	0 10	C0025289, Meningitis, Disease or Syndrome ,DISO	C0025289	Meningitis en La Rioja.	G03	Meningitis debida a otras causas y a las no especificadas	ICD10CM_WIKI
0220_d4214540	T6	Tumores óseos benignos	0 22	C0684516, Benign bone neoplasm, Neoplastic Process ,DISO	C0684516	Tumores óseos benignos de nariz y senos paranasales en la infancia. Revisión de casos en el Hospital Infantil de México	D16.9	Neoplasia benigna de hueso y de cartílago articular, no especificado	SNOMEDCT2ICD10_SPA
0221_d16185630	T3	hipertensión arterial	64 85	C0020538, Hypertensive disease, Disease or Syndrome ,DISO	C0020538	Características de la cardiopatía hipertensiva en pacientes con hipertensión arterial no tratados previamente.	I10-I1515.		ICD10_WIKI
0223_d1981479	T1	Criptorquidia	0 13	C0010417, Cryptorchidism, Congenital Abnormality ,DISO	C0010417	Criptorquidia experimental en rata Wistar.	Q53.9	Testículo no descendido, no especificado	ICD10CM_WIKI
0224_d3112890	T1	Eventración del diafragma	0 25	C0011981, Diaphragmatic Eventration, Congenital Abnormality|Disease or Syndrome ,DISO	C0011981	Eventración del diafragma (elevación unilateral) y megacolon.	Q79.1	Otras malformaciones congénitas del diafragma	ICD10CM_WIKI
0224_d3112890	T3	megacolon	51 60	C0025160, Megacolon, Disease or Syndrome ,DISO	C0025160	Eventración del diafragma (elevación unilateral) y megacolon.	K59.39	Otro tipo de megacolon	ICD10CM_WIKI
0226_d2719189	T1	colesteatoma	3 15	C0008373, Cholesteatoma, Disease or Syndrome ,DISO	C0008373	El colesteatoma ótico. Algunos comentarios.	H71.9	Colesteatoma no especificado	ICD10CM_WIKI
0227_d2486966	T1	hiperprolactinemia	18 36	C0020514, Hyperprolactinemia, Disease or Syndrome ,DISO	C0020514	Correlación entre hiperprolactinemia y galactorrea.	E22.1	Hiperprolactinemia	ICD10CM_WIKI
0227_d2486966	T2	galactorrea	39 50	C0554400, Lactation problem, Disease or Syndrome ,DISO	C0554400	Correlación entre hiperprolactinemia y galactorrea.	O92.4	Hipogalactia	SNOMEDCT2ICD10_SPA
0227_d2486966	T3	galactorrea	39 50	C0235660, Galactorrhea not associated with childbirth, Disease or Syndrome ,DISO	C0235660	Correlación entre hiperprolactinemia y galactorrea.	O92.6	Galactorrea	ICD10_WIKI
0227_d2486966	T4	galactorrea	39 50	C0269995, Galactorrhea associated with childbirth, Disease or Syndrome ,DISO	C0269995	Correlación entre hiperprolactinemia y galactorrea.	O92.6	Galactorrea	SNOMEDCT2ICD10_SPA
0228_d10410222	T1	EPOC	45 49	C0024117, Chronic Obstructive Airway Disease, Disease or Syndrome ,DISO	C0024117	Valoración de la capacidad de esfuerzo en la EPOC. Revisión crítica de las pruebas de marcha.	J44	Otras enfermedades pulmonares obstructivas crónicas	ICD10_WIKI
0230_d15314843	T2	dermatitis atópica	41 59	C0011615, Dermatitis, Atopic, Disease or Syndrome ,DISO	C0011615	Las células dendríticas y su papel en la dermatitis atópica.	L20	Dermatitis atópica	ICD10CM_WIKI
0231_d3078463	T2	enfermedad periodontal	16 38	C0031090, Periodontal Diseases, Disease or Syndrome ,DISO	C0031090	Antisépticos en enfermedad periodontal.	K05.6	Enfermedad periodontal, no especificada	ICD10CM_WIKI
0232_d10730066	T3	hipotermia inducida	67 86	C1301797, Induced hypothermia (finding), Sign or Symptom ,DISO	C1301797	Parálisis supranuclear de la mirada tras cirugía extracorpórea con hipotermia inducida. A propósito de dos casos.	P80.8	Otros tipos de hipotermia del recién nacido	SNOMEDCT2ICD10_SPA
0232_d10730066	T4	Parálisis supranuclear de la mirada	0 35	C1720037, Supranuclear gaze palsy, Disease or Syndrome ,DISO	C1720037	Parálisis supranuclear de la mirada tras cirugía extracorpórea con hipotermia inducida. A propósito de dos casos.	G23.1	Oftalmoplejia supranuclear progresiva [Steele-Richardson-Olszewski]	SNOMEDCT2ICD10_SPA
0233_d7926624	T1	Gastropatía portal hipertensiva	0 31	C0580174, Portal hypertensive gastropathy, Disease or Syndrome ,DISO	C0580174	Gastropatía portal hipertensiva: correlación endoscópico histológica.	K31.89	Otras enfermedades de estómago y duodeno	SNOMEDCT2ICD10_SPA
0238_d2098116	T1	Leptospirosis	0 13	C0023364, Leptospirosis, Disease or Syndrome ,DISO	C0023364	Leptospirosis.	A27	Leptospirosis	ICD10CM_WIKI
0239_d5599433	T1	Angina abdominal	0 16	C1280008, Intestinal angina, Sign or Symptom ,DISO	C1280008	Angina abdominal.	K55.1	Trastornos vasculares crónicos de intestino	SNOMEDCT2ICD10_SPA
0241_d6712025	T1	Enfermedad de Sandhoff	0 22	C0036161, Sandhoff Disease, Disease or Syndrome ,DISO	C0036161	Enfermedad de Sandhoff (gangliosidosis GM2 tipo II). Presentación de un caso con estudio clínico y bioquímico. Investigación de portadores.	E75.0	Gangliosidosis GM2	ICD10_WIKI
0241_d6712025	T2	gangliosidosis GM2 tipo II	24 50	C0036161, Sandhoff Disease, Disease or Syndrome ,DISO	C0036161	Enfermedad de Sandhoff (gangliosidosis GM2 tipo II). Presentación de un caso con estudio clínico y bioquímico. Investigación de portadores.	E75.0	Gangliosidosis GM2	ICD10_WIKI
0241_d6712025	T5	portadores	128 138	C0560175, Carrier of disorder, Finding ,DISO	C0560175	Enfermedad de Sandhoff (gangliosidosis GM2 tipo II). Presentación de un caso con estudio clínico y bioquímico. Investigación de portadores.	Z78.9	Otra estado de salud especificado	SNOMEDCT2ICD10_SPA
0242_d1840376	T6	Arteriosclerosis	113 129	C0003850, Arteriosclerosis, Disease or Syndrome ,DISO	C0003850	Informe sobre el colesterol en niños y adolescentes españoles. Grupos de Expertos de las Sociedades Españolas de Arteriosclerosis, Cardiologia, Pediatria, Nutricion y Medicina Preventiva.	I70	Aterosclerosis	ICD10CM_WIKI
0243_d1241079	T1	Urticaria crónica	0 17	C0263338, Chronic urticaria, Disease or Syndrome ,DISO	C0263338	Urticaria crónica y sideremia	L50.8	Otros tipos de urticaria	ICD10_WIKI
0244_d6963609	T6	de término	112 122	C0233089, Term pregnancy delivered, Organism Function ,PHYS	C0233089	Caracteristicas anatómicas macroscopicas y microscópicas del ganglio simpático cervical medio (en fetos humanos de término).	Z37.9	Resultado del parto no especificado	SNOMEDCT2ICD10_SPA
0245_d11195956	T5	climaterio	193 203	C0025320, Menopause, Physiologic Function ,PHYS	C0025320	Estudio comparativo entre la combinación valerianato de estradiol-acetato de ciproterona y estrógenos conjugados equinos-acetato de medroxiprogesterona como terapia hormonal de reemplazo en el climaterio.	N95	Trastornos menopáusicos y perimenopáusicos	ICD10_WIKI
0245_d11195956	T6	climaterio	193 203	C0008943, Climacteric, Organism Function ,PHYS	C0008943	Estudio comparativo entre la combinación valerianato de estradiol-acetato de ciproterona y estrógenos conjugados equinos-acetato de medroxiprogesterona como terapia hormonal de reemplazo en el climaterio.	N95.1	Estados de menopausia y climaterio femeninos	ICD10_WIKI
0247_d3814321	T3	infección por el virus	24 46	C0042769, Virus Diseases, Disease or Syndrome ,DISO	C0042769	Seroepidemiología de la infección por el virus A de la hepatitis en comunidades de la frontera sur del estado de Chiapas.	B34.9	Infección viral, no especificada	ICD10CM_WIKI
0248_d9019309	T2	tuberculosis	36 48	C0041296, Tuberculosis, Disease or Syndrome ,DISO	C0041296	Podemos mejorar la prevención de la tuberculosis? Análisis de la aplicación de la quimioprofilaxis.	A15-A19	TUBERCULOSIS (A15-A19)	ICD10_WIKI
0249_d8347708	T1	Infección por Bacillus cereus	0 29	C1096581, Bacillus cereus infection, Disease or Syndrome ,DISO	C1096581	Infección por Bacillus cereus en cirugía ortopédica.	A49.8	Otras infecciones bacterianas de localización no especificada	SNOMEDCT2ICD10_SPA
0252_d5164549	T2	Depresiones	0 11	C0344315, Depressed mood, Finding ,DISO	C0344315	Depresiones en la adolescencia. Generalidades en torno a una casuística institucional	F32.9	Trastorno depresivo mayor, episodio único, no especificado	SNOMEDCT2ICD10_SPA
0252_d5164549	T3	Depresiones	0 11	C0011581, Depressive disorder, Mental or Behavioral Dysfunction ,DISO	C0011581	Depresiones en la adolescencia. Generalidades en torno a una casuística institucional	F34.1	Trastorno distímico	ICD10CM_SPA
0252_d5164549	T4	Depresiones	0 11	C0011570, Mental Depression, Mental or Behavioral Dysfunction ,DISO	C0011570	Depresiones en la adolescencia. Generalidades en torno a una casuística institucional	F32.9	Trastorno depresivo mayor, episodio único, no especificado	ICD10CM_WIKI
0252_d5164549	T5	Depresiones	0 11	C0349217, depression nos, Mental or Behavioral Dysfunction ,DISO	C0349217	Depresiones en la adolescencia. Generalidades en torno a una casuística institucional	F32	Trastorno depresivo mayor, episodio único	ICD10CM_SPA
0254_d5734829	T2	hipoplasia uterina	39 57	C0266399, Infantile uterus, Congenital Abnormality ,DISO	C0266399	Evaluación clínica y radiológica de la hipoplasia uterina.	Q51.8	Otras malformaciones congénitas del útero y cuello uterino	ICD10CM_WIKI
0255_d16972740	T4	cáncer de mama	34 48	C0006142, Malignant neoplasm of breast, Neoplastic Process ,DISO	C0006142	Manejo conservador de la axila en cáncer de mama operable.	C50.919	Neoplasia maligna de localización no especificada de mama femenina, lado no especificado	SNOMEDCT2ICD10_SPA
0255_d16972740	T5	cáncer de mama	34 48	C0678222, Breast Carcinoma, Neoplastic Process ,DISO	C0678222	Manejo conservador de la axila en cáncer de mama operable.	C50.919	Neoplasia maligna de localización no especificada de mama femenina, lado no especificado	SNOMEDCT2ICD10_SPA
0257_d5629305	T3	fiebre hemorrágica Argentina	44 72	C0019097, Hemorrhagic Fever, Argentinian, Disease or Syndrome ,DISO	C0019097	Recuperación de virus Junín de pacientes de fiebre hemorrágica Argentina con confirmación serológica.	A96.0	Fiebre hemorrágica de Junín	ICD10CM_WIKI
0259_d11802285	T2	asma	53 57	C0004096, Asthma, Disease or Syndrome ,DISO	C0004096	Resultados de un programa educativo para adultos con asma.	J45.90	Asma no especificada	ICD10CM_WIKI
0260_d8849107	T2	Síndrome de Behr	0 16	C0221061, Behr syndrome, Disease or Syndrome ,DISO	C0221061	Síndrome de Behr. Presentación de dos hermanos con estudio por RM.	H35.5	Distrofia retiniana hereditaria	ICD10CM_WIKI
0261_d20186370	T2	hemorragia subaracnoidea	105 129	C0038525, Subarachnoid Hemorrhage, Disease or Syndrome ,DISO	C0038525	Influencia de los cambios de presión atmosférica y otras variables meteorológicas en la incidencia de la hemorragia subaracnoidea.	I60	Hemorragia subaracnoidea no traumática	ICD10_WIKI
0262_d1932501	T1	Pseudobstrucción del colon	0 16;23 32	C0009377, Colonic Pseudo-Obstruction, Disease or Syndrome ,DISO	C0009377	Pseudobstrucción aguda del colon. Aportación de un nuevo caso.	K59.81	Síndrome de Ogilvie	SNOMEDCT2ICD10_SPA
0263_d3985501	T1	Trisomía 9p	0 11	C0265428, partial trisomy 9p Chromosome 9, Disease or Syndrome ,DISO	C0265428	Trisomía 9p, a propósito de un caso.	Q92.2	Trisomía parcial	ICD10CM_WIKI
0264_d2214926	T1	Adenoma tubular apocrino	0 24	C0334345, Apocrine adenoma, Neoplastic Process ,DISO	C0334345	Adenoma tubular apocrino. Descripción de cuatro casos.	D23.9	Otros tipos de neoplasia benigna de piel, localización no especificada	SNOMEDCT2ICD10_SPA
0265_d5245083	T1	estados ansiosos	4 20	C0700613, Anxiety state, Mental or Behavioral Dysfunction ,DISO	C0700613	Los estados ansiosos en odontología.	F41.1	Trastorno de ansiedad generalizada	ICD10CM_SPA
0266_d11188937	T2	Linfomas no Hodgkin foliculares	0 31	C0024301, Lymphoma, Follicular, Neoplastic Process ,DISO	C0024301	Linfomas no Hodgkin foliculares y enfermedad residual mínima.	C82	Linfoma folicular	ICD10_WIKI
0267_d465168	T2	reflujo gastroesofágico	44 67	C0017168, Gastroesophageal reflux disease, Disease or Syndrome ,DISO	C0017168	Investigación radiológica y manométrica del reflujo gastroesofágico en lactantes normales.	K21	Enfermedad por reflujo gastroesofágico	ICD10CM_WIKI
0268_d13597721	T2	defecto pericárdico	30 49	C0345138, Pericardial anomaly, Disease or Syndrome ,DISO	C0345138	Lóbulo pulmonar aberrante con defecto pericárdico.	Q79.1	Otras malformaciones congénitas del diafragma	SNOMEDCT2ICD10_SPA
0270_d7375693	T1	Cáncer del recto	0 16	C0007113, Rectal Carcinoma, Neoplastic Process ,DISO	C0007113	Cáncer del recto: un estudio del retraso diagnóstico en nuestro medio.	C19	Neoplasia maligna de unión rectosigmoidea	SNOMEDCT2ICD10_SPA
0271_d394231	T1	Trasplante de riñón	0 19	C0022671, Kidney Transplantation, Therapeutic or Preventive Procedure ,PROC	C0022671	Trasplante de riñón a un enfermo con diabetes mellitus.	0TY00Z0	Trasplante de riñón, derecho, alogénico, abordaje abierto	ICD10PCS_WIKI
0271_d394231	T2	diabetes mellitus	37 54	C0011849, Diabetes Mellitus, Disease or Syndrome ,DISO	C0011849	Trasplante de riñón a un enfermo con diabetes mellitus.	E11	Diabetes mellitus tipo 2	ICD10CM_WIKI
0272_d12942600	T2	síndrome de piernas inquietas	16 45	C0035258, Restless Legs Syndrome, Disease or Syndrome ,DISO	C0035258	Tratamiento del síndrome de piernas inquietas en pacientes urémicos en diálisis con pramipexole: resultados preliminares.	N19	Insuficiencia renal no especificada	SNOMEDCT2ICD10_SPA
0273_d7103604	T1	cardiotoxicidad	38 53	C0876994, Cardiotoxicity, Injury or Poisoning ,DISO	C0876994	Valoración electrocardiográfica de la cardiotoxicidad del antimoniato de N-metil glucamina (R glucantime).	I51.89	Otras enfermedades mal definidas cardiacas	SNOMEDCT2ICD10_SPA
0274_d7700096	T1	Hipopituitarismo	0 16	C0020635, Hypopituitarism, Disease or Syndrome ,DISO	C0020635	Hipopituitarismo como primera manifestación de recaída muy tardía en leucemia aguda linfoblástica.	E23.0	Hipopituitarismo	ICD10CM_WIKI
0274_d7700096	T5	leucemia aguda linfoblástica	69 97	C0023449, Acute lymphocytic leukemia, Neoplastic Process ,DISO	C0023449	Hipopituitarismo como primera manifestación de recaída muy tardía en leucemia aguda linfoblástica.	C91.0	Leucemia linfoblástica aguda [LLA]	ICD10CM_WIKI
0276_d5952986	T2	perversiones sexuales	4 25	C1527307, Sexual deviations or disorders, Mental or Behavioral Dysfunction ,DISO	C1527307	Las perversiones sexuales: su concepcion antropológica y orientación terapéutica.	F65.9	Parafilia no especificada	SNOMEDCT2ICD10_SPA
0277_d14635571	T1	Dermatomiositis	0 15	C0011633, Dermatomyositis, Disease or Syndrome ,DISO	C0011633	Dermatomiositis y embarazo.	M33	Dermatopolimiositis	ICD10CM_WIKI
0277_d14635571	T2	embarazo	18 26	C0032961, Pregnancy, Organism Function ,PHYS	C0032961	Dermatomiositis y embarazo.	Z33.1	Estado de embarazo incidental	ICD10CM_SPA
0277_d14635571	T3	Dermatomiositis	0 15	C0221056, Adult type dermatomyositis, Disease or Syndrome ,DISO	C0221056	Dermatomiositis y embarazo.	M33.13	Otros tipos de dermatomiositis sin miopatía	ICD10CM_SPA
0278_d15777116	T2	cáncer de próstata	47 65	C0376358, Malignant neoplasm of prostate, Neoplastic Process ,DISO	C0376358	Neoplasias malignas múltiples en pacientes con cáncer de próstata en el área sanitaria de León.	C61	Neoplasia maligna de próstata	ICD10CM_WIKI
0278_d15777116	T3	Neoplasias malignas múltiples	0 29	C0346429, Multiple malignancy, Neoplastic Process ,DISO	C0346429	Neoplasias malignas múltiples en pacientes con cáncer de próstata en el área sanitaria de León.	C80.1	Neoplasia maligna (primaria), no especificada	SNOMEDCT2ICD10_SPA
0279_d5131315	T1	impotencia	3 13	C0242350, Erectile dysfunction, Disease or Syndrome ,DISO	C0242350	La impotencia del diabético.	F52.2	Trastornos de excitación sexual	ICD10_WIKI
0281_d9412186	T1	tumores urológicos	27 45	C0042076, Urologic Neoplasms, Neoplastic Process ,DISO	C0042076	Estadiaje molecular en los tumores urológicos. Del deseo a la realidad.	D49.59	Neoplasia de comportamiento no especificado de otros órganos genitourinarios	SNOMEDCT2ICD10_SPA
0281_d9412186	T2	tumores urológicos	27 45	C0751571, Cancer of Urinary Tract, Neoplastic Process ,DISO	C0751571	Estadiaje molecular en los tumores urológicos. Del deseo a la realidad.	C64.C68		ICD10CM_WIKI
0284_d9577172	T1	Aleteo auricular	0 16	C0004239, Atrial Flutter, Pathologic Function ,DISO	C0004239	Aleteo auricular no común relacionado con cicatriz de atriotomía quirúrgica: ablación con catéter mediante radiofrecuencia.	I48	Fibrilación y flutter auricular	ICD10_WIKI
0284_d9577172	T2	cicatriz	42 50	C2004491, Cicatrix, Pathologic Function ,DISO	C2004491	Aleteo auricular no común relacionado con cicatriz de atriotomía quirúrgica: ablación con catéter mediante radiofrecuencia.	L90.5	Afecciones cicatriciales y fibrosis de la piel	ICD10CM_SPA
0284_d9577172	T3	cicatriz	42 50	C0241158, Scar Tissue, Finding ,DISO	C0241158	Aleteo auricular no común relacionado con cicatriz de atriotomía quirúrgica: ablación con catéter mediante radiofrecuencia.	L90.5	Afecciones cicatriciales y fibrosis de la piel	SNOMEDCT2ICD10_SPA
0287_d6888044	T2	hipertensión arterial	41 62	C0020538, Hypertensive disease, Disease or Syndrome ,DISO	C0020538	Programa sobre detección y control de la hipertensión arterial en medio laboral (III). Datos referentes al control evolutivo y eficacia del programa.	I10-I1515.		ICD10_WIKI
0288_d7934296	T4	enfermedad tromboembólica	45 70	C0040038, Thromboembolism, Disease or Syndrome ,DISO	C0040038	Protocolos de prevención y tratamiento de la enfermedad tromboembólica (II). Prevención del embolismo de origen cardíaco. Comité de Redacción de los Protocolos (1).	I74.9	Embolia y trombosis de arteria no especificada	SNOMEDCT2ICD10_SPA
0291_d16527160	T1	Dolor neuropático	0 17	C0027796, Neuralgia, Sign or Symptom ,DISO	C0027796	Dolor neuropático y quistes de Tarlov.	M79.2	Neuralgia y neuritis, no especificadas	SNOMEDCT2ICD10_SPA
0291_d16527160	T2	quistes de Tarlov	20 37	C0520720, Tarlov Cysts, Disease or Syndrome|Anatomical Abnormality ,DISO	C0520720	Dolor neuropático y quistes de Tarlov.	G54.8	Otros trastornos de raíces y plexos nerviosos	ICD10CM_WIKI
0292_d3878997	T2	Hiperplasia nodular regenerativa del hígado	0 43	C1263669, Nodular hyperplasia of liver, Disease or Syndrome ,DISO	C1263669	Hiperplasia nodular regenerativa del hígado. Informe de un paciente.	D61.9	Anemia aplásica, no especificada	SNOMEDCT2ICD10_SPA
0293_d16392328	T2	insuficiencia renal	17 36	C1565489, Renal Insufficiency, Disease or Syndrome ,DISO	C1565489	Prevención de la insuficiencia renal más allá del control de la HTA y de la diabetes mellitus.	N19	Insuficiencia renal no especificada	ICD10CM_WIKI
0293_d16392328	T3	diabetes mellitus	76 93	C0011849, Diabetes Mellitus, Disease or Syndrome ,DISO	C0011849	Prevención de la insuficiencia renal más allá del control de la HTA y de la diabetes mellitus.	E11	Diabetes mellitus tipo 2	ICD10CM_WIKI
0293_d16392328	T5	HTA	64 67	C0020538, Hypertensive disease, Disease or Syndrome ,DISO	C0020538	Prevención de la insuficiencia renal más allá del control de la HTA y de la diabetes mellitus.	I10-I1515.		ICD10_WIKI
0294_d19100198	T1	Infección del tracto urinario	0 29	C0042029, Urinary tract infection, Disease or Syndrome ,DISO	C0042029	Infección del tracto urinario causada por Corynebacterium riegelii.	N30.0	Cistitis aguda	ICD10CM_WIKI
0295_d6816662	T3	Leiomiosarcoma del intestino delbado	0 36	C0920305, Small intestine leiomyosarcoma, Neoplastic Process ,DISO	C0920305	Leiomiosarcoma del intestino delbado. Contribudión de la tomografía computada para su diagnóstico.	C17.0	Neoplasia maligna de duodeno	ICD10CM_WIKI
0296_d9377306	T4	trastornos del sueño	44 54;74 83	C0037317, Sleep disturbances, Sign or Symptom ,DISO	C0037317	Semiología, evaluación y diagnóstico de los trastornos de la vigilancia y del sueño en la infancia.	Z72.820	Privación del sueño	SNOMEDCT2ICD10_SPA
0297_d13396040	T2	tetralogia de Fallot	50 70	C0039685, Tetralogy of Fallot, Congenital Abnormality ,DISO	C0039685	Manejo anestésico y control intraoperatorio en la tetralogia de Fallot.	Q21.3	Tetralogía de Fallot	ICD10CM_WIKI
0298_d16476261	T1	Queratodermia	0 13	C0022579, Keratoderma, Congenital Abnormality ,DISO	C0022579	Queratodermia espinosa palmar: a propósito de un caso.	Q82.8	Otras malformaciones congénitas especificadas de la piel	SNOMEDCT2ICD10_SPA
0299_d8327750	T3	enfermedad de Chagas	72 92	C0041234, Chagas Disease, Disease or Syndrome ,DISO	C0041234	Experiencia clínica en Panamá con metronidazole en el tratamiento de la enfermedad de Chagas, en la fase aguda y en la fase crónica.	B57	Enfermedad de Chagas	ICD10CM_WIKI
0300_d6764271	T1	Infestación	0 11	C1384353, Parasite infestation, Disease or Syndrome ,DISO	C1384353	Infestación experimental de moluscos cubanos con cepas africanas de Schistosoma mansoni.	B89	Enfermedad parasitaria, no especificada	SNOMEDCT2ICD10_SPA
